{
    "model": {
        "type": "minecraft:composite",
        "models": [

            {
                "type": "minecraft:condition",
                "property": "minecraft:component",
                "predicate": "minecraft:enchantments",
                "value": [
                    {
                        "enchantments": "minecraft:fire_aspect",
                        "levels": {"min": 1}
                    }
                ],
                "on_true": {
                    "type": "minecraft:select",
                    "property": "minecraft:display_context",
                    "cases": [
                        {
                            "when": [
                                "gui",
                                "ground",
                                "fixed",
                                "on_shelf"
                            ],
                            "model": {"type": "minecraft:model", "model": "minecraft:item/spear/stone/fire_aspect"}
                        }
                    ],
                    "fallback": {
                        "type": "minecraft:model", "model": "minecraft:item/spear/stone/fire_aspect_in_hand"
                    }
                },
                "on_false": {"type": "minecraft:empty"}
            },

            {
                "type": "minecraft:select",
                "property": "minecraft:display_context",
                "cases": [
                    {
                        "when": [
                            "gui",
                            "ground",
                            "fixed",
                            "on_shelf"
                        ],
                            "model": {"type": "minecraft:model", "model": "minecraft:item/stone_spear"}
                    }
                    ],
                        "fallback": {
                            "type": "minecraft:model", "model": "minecraft:item/stone_spear_in_hand"
                    }
            }
        ]
    }
}
